size,time_microseconds
1000,2.000000
5000,7.400000
10000,15.600000
50000,75.000000
100000,132.600000
500000,590.400000
1000000,1034.400000
5000000,5520.800000
10000000,11307.000000
50000000,61170.200000
