size,parallel_time_microseconds,sequential_time_microseconds
1000,24.400000,1.500000
5000,28.166667,6.900000
10000,32.900000,13.966667
50000,87.000000,65.200000
100000,142.566667,116.933333
500000,597.733333,544.966667
1000000,1094.900000,1107.533333
5000000,5709.633333,5731.266667
10000000,11225.100000,11253.600000
50000000,57305.600000,59475.300000
